BrandID;BrandName
1;Brooks, Ramirez and Gay
2;Trevino-Murphy
3;Smith Group
4;Castaneda and Sons
5;Rivera-Dennis
6;Jordan-Bright
7;Cox, Adams and Banks
8;Tapia Ltd
9;Roberts Inc
10;Armstrong, Skinner and Clark
11;Melendez PLC
12;Hunt, Jones and Sanders
13;Tanner-Cooper
14;Orr LLC
15;Sanford-Hill
16;Gonzalez-Bradshaw
17;Mitchell-Mayer
18;Doyle, Brown and Baker
19;Morris, Baker and Cruz
20;Watson Group
21;Johnson and Sons
22;Prince-Zuniga
23;Scott, Byrd and Herrera
24;Hicks, Ortiz and Schneider
25;Guerrero, Brady and Stone
26;Harrison, Wilson and Hill
27;King Ltd
28;Johnson, Blackwell and Smith
29;Ellis and Sons
30;Chambers-Spencer
31;Carr, Santos and Dillon
32;Frank-Smith
33;Quinn Group
34;Ramsey, Beasley and Lewis
35;Watkins, Smith and Brown
36;Martinez PLC
37;Flynn, Simon and Perez
38;Adams Inc
39;Vasquez, Marshall and Blake
40;Allen PLC
41;Bailey, Garrison and Sloan
42;Reynolds and Sons
43;Park, Duffy and Bowen
44;Riley-Anderson
45;Mitchell-Shaw
46;Archer and Sons
47;Edwards, Huffman and Evans
48;Gibbs Group
49;Summers, Watkins and Ibarra
50;Reed, Roberts and Smith
51;Montes-Diaz
52;Joseph, Henderson and Monroe
53;Day and Sons
54;Walls, Martinez and Chung
55;Brennan-Torres
56;Diaz-Mason
57;Moran-Mitchell
58;Adams, Smith and Duke
59;Harris, Fischer and Lee
60;King, Hernandez and Avery
61;Frey-Giles
62;Orr LLC
63;Hill, White and Price
64;Chapman LLC
65;Ferguson and Sons
66;Abbott-Chaney
67;Cole-Hurst
68;Flores-Watson
69;Harrington-Myers
70;Gordon-Livingston
71;Melendez-Ortiz
72;Owens and Sons
73;Beltran and Sons
74;Burke, Brady and Moore
75;Bailey, Cherry and Lee
76;King-Peterson
77;Flynn-Lester
78;Thomas-Marshall
79;Brown-Williams
80;Taylor-Stewart
81;Woods Group
82;Horn, Callahan and Cruz
83;Graves-Krause
84;Wood, Fischer and Hill
85;Silva and Sons
86;Gomez and Sons
87;Anderson Group
88;Montgomery-Keith
89;Larson Ltd
90;Morgan-Odom
91;Reed, Nolan and Flores
92;Jones and Sons
93;Romero-Rios
94;Noble, Wolf and Atkins
95;Solomon, Stevenson and Harmon
96;Gomez Inc
97;Sims-Stewart
98;Jackson-Barnes
99;Kent LLC
100;Cook Ltd